experiment_folder,train_Dice,train_IoU_class_0,train_IoU_class_1,train_IoU_class_2,train_IoU_class_3,train_IoU_class_4,train_IoU_class_5,train_IoU_class_6,train_IoU_class_7,train_MeanIoU,train_Pixel_Accuracy,train_loss,val_Dice,val_IoU_class_0,val_IoU_class_1,val_IoU_class_2,val_IoU_class_3,val_IoU_class_4,val_IoU_class_5,val_IoU_class_6,val_IoU_class_7,val_MeanIoU,val_Pixel_Accuracy,val_loss,test_Dice,test_IoU_class_0,test_IoU_class_1,test_IoU_class_2,test_IoU_class_3,test_IoU_class_4,test_IoU_class_5,test_IoU_class_6,test_IoU_class_7,test_MeanIoU,test_Pixel_Accuracy,test_loss,best_epoch,n_epochs,n_steps,model_name,inference_time,classes,train_samples,val_samples,test_samples,train_batches,augmentations,normalize,loss_fn,optimizer,learning_rate
9,0.6601492166519165,0.6527644991874695,0.9184892177581787,0.7646883726119995,0.02183445915579796,0.7974071502685547,0.8703939914703369,0.3041381239891052,0.745082676410675,0.6343499422073364,0.8884561657905579,0.3504805266857147,0.6596454381942749,0.6838304400444031,0.9247622489929199,0.7610923051834106,0.03166760876774788,0.8027145862579346,0.8554702401161194,0.32291412353515625,0.731438398361206,0.639236330986023,0.8911194205284119,0.34676504135131836,0.630801260471344,0.6166134476661682,0.8982693552970886,0.7158583998680115,0.04115784913301468,0.795137882232666,0.8304579854011536,0.2542431652545929,0.7071566581726074,0.607361912727356,0.8683282136917114,0.41758111119270325,13,15,149,U-Net,0.7027392387390137,8,2380,595,500,149,False,True,sparse_categorical_crossentropy,Adam,9.999999747378752e-05
